nat,adv,inv
971,76,0.519308264
920,495,0.038208959
872,529,0.044619828
